label,updated_label,articles,Claim,Implication,Referring Expressions - Claim,Referring Expressions - Implication,Property Implications,Equal Entities,Subset Entities,Claim Lfs,Implication Lfs,Logical Form,Logical Form 2
0,false causality,"Giving 10% of your income to the Church will free a child’s soul from Limbo into Heaven, so give your money!", Giving 10% of your income to the Church will free a child’s soul from Limbo into Heaven.  , Give your money to the Church.,"IsGiven(b, a),  IsInLimbo(c),  IsFreedFromLimbo(c),  EntersHeaven(c)","IsGiven(f, a)",[],"[(' the Church', ' the Church')]","[(' Your income', ' Your money')]","(IsGiven(b, a) and IsInLimbo(c) and IsFreedFromLimbo(c)) and EntersHeaven(c)","IsGiven(f, a)","(exists b ((IsGiven(b, a) and IsInLimbo(c) and IsFreedFromLimbo(c)) and EntersHeaven(c))) -> (forall f (IsGiven(f, a)))","(exists c (exists b (exists a ((IsGiven(b, a) and IsInLimbo(c) and IsFreedFromLimbo(c)) and EntersHeaven(c))))) -> (exists f (exists a (IsGiven(f, a))))"
0,appeal to emotion,"If everyone lived his or her life exactly like Jesus lived his life, the world would be a beautiful place!", Jesus lived a beautiful life.  , Everyone should live life like Jesus lived his life.,"Lived(a, b),  IsBeautiful(b)","Live(c, d),  Like(c, a),  Live(a, e)",[],"[(' Jesus', ' Jesus')]","[(' a beautiful life', ' life')]","Lived(a, b) and IsBeautiful(b)","Live(c, d) and Like(c, a) and Live(a, e)","(exists b (Lived(a, b) and IsBeautiful(b))) -> (forall d (Live(c, d) and Like(c, a) and Live(a, e)))","(exists b (exists a (Lived(a, b) and IsBeautiful(b)))) -> (exists c (exists e (exists d (exists a (Live(c, d) and Like(c, a) and Live(a, e))))))"
0,appeal to emotion,"I know you don’t like the kitty-cat sweater that Grandma knitted for you, but she worked so hard on it and it will make her happy to see you wear it in the family holiday photo.", Grandma knitted the kitty-cat sweater., You should wear the kitty-cat sweater in the family holiday photo.,"IsKnittedBy(a, b)","IsWearing(c, a),  IsInFamilyHolidayPhoto(c)",[],"[(' kitty-cat sweater', ' kitty-cat sweater')]",[],"IsKnittedBy(a, b)","IsWearing(c, a) and IsInFamilyHolidayPhoto(c)","(IsKnittedBy(a, b)) -> (IsWearing(c, a) and IsInFamilyHolidayPhoto(c))","(exists b (exists a (IsKnittedBy(a, b)))) -> (exists c (exists a (IsWearing(c, a) and IsInFamilyHolidayPhoto(c))))"
0,ad populum,"Dave wants you to break into the spooky cabin with him. “Everyone does it,” he claims. What fallacy has he committed?", Everyone breaks into the spooky cabin.  , You should break into the spooky cabin.,"BreaksInto(b, a),  IsSpooky(a)","BreaksInto(c, a),  IsSpooky(a)",[],"[(' the spooky cabin', ' spooky cabin')]",[],Input Sentence: Everyone breaks into the spooky cabin.,"IsSpooky(a) and BreaksInto(c, a)","(Input Sentence: Everyone breaks into the spooky cabin.) -> (IsSpooky(a) and BreaksInto(c, a))","(Input Sentence: Everyone breaks into the spooky cabin.) -> (exists c (exists a (IsSpooky(a) and BreaksInto(c, a))))"
0,fallacy of credibility,"Ms. Drayer, the smartest person in the universe, says the debate is the best class, therefore it is.", Ms. Drayer is the smartest person in the universe and says the debate is the best class.  , The debate is the best class.,"IsSmartestPersonInUniverse(c),  SaysBestClass(a),  IsDebate(b)","IsDebate(a),  IsBestClass(a)",[],"[(' the debate', ' The debate'), (' the best class', ' the best class')]",[],IsSmartestPersonInUniverse(c) and IsDebate(a) and SaysBestClass(a),IsDebate(a) and IsBestClass(a),(IsSmartestPersonInUniverse(c) and IsDebate(a) and SaysBestClass(a)) -> (IsDebate(a) and IsBestClass(a)),(exists c (exists a (IsSmartestPersonInUniverse(c) and IsDebate(a) and SaysBestClass(a)))) -> (exists a (IsDebate(a) and IsBestClass(a)))
0,faulty generalization,Why did the blond cross the road?  Because she saw a shoe sale!, A blond crossed the road to go to a shoe sale.  , Blonds love shoe sales.,"IsBlond(a),  CrossesRoad(a, b),  GoesToShoeSale(a, c)",LovesShoeSales(a),[],"[(' A blond', ' Blonds')]",[],"IsBlond(a) and CrossesRoad(a, b) and GoesToShoeSale(a, c)",IsBlond(a) and LovesShoeSales(a),"(IsBlond(a) and CrossesRoad(a, b) and GoesToShoeSale(a, c)) -> (IsBlond(a) and LovesShoeSales(a))","(exists c (exists b (exists a (IsBlond(a) and CrossesRoad(a, b) and GoesToShoeSale(a, c))))) -> (exists a (IsBlond(a) and LovesShoeSales(a)))"
0,appeal to emotion,"Timmy: Mom, what if I don’t believe in God?
Mom: Then you burn in Hell forever.  Why do you ask?
Timmy: No reason.
", Timmy will burn in Hell forever if he does not believe in God.  , Timmy must believe in God.,"BurnsInHellForever(a),  DoesNotBelieveIn(a, b)","MustBelieveIn(a, b)",[],"[(' Timmy', ' Timmy'), (' God', ' God')]",[],"DoesNotBelieveIn(a, b) and BurnsInHellForever(a)","MustBelieveIn(a, b)","(DoesNotBelieveIn(a, b) and BurnsInHellForever(a)) -> (MustBelieveIn(a, b))","(exists b (exists a (DoesNotBelieveIn(a, b) and BurnsInHellForever(a)))) -> (exists b (exists a (MustBelieveIn(a, b))))"
0,false dilemma,"""If you never gave money to charity, then you must be a greedy millionaire."" What is this?"," ""You have never given money to charity.""  "," ""You are a greedy millionaire.""  ","HasNeverGiven(a, b, c)","IsGreedy(d),  IsMillionaire(d),  RefersTo(a, d)",[],"[(' You', ' You')]",[],"HasNeverGiven(a, b, c)","RefersTo(a, d) and IsGreedy(d) and IsMillionaire(d)","(HasNeverGiven(a, b, c)) -> (RefersTo(a, d) and IsGreedy(d) and IsMillionaire(d))","(exists c (exists b (exists a (HasNeverGiven(a, b, c))))) -> (exists d (exists a (RefersTo(a, d) and IsGreedy(d) and IsMillionaire(d))))"
0,fallacy of extension,Caroline says that she is going to have lunch with the new girl. Jenna says that she can't believe that Caroline is ditching her old friends for the new girl., Caroline is going to have lunch with the new girl.  , Caroline is ditching her old friends for the new girl.,"WillHaveLunchWith(a, c)","IsDitching(a, d),  IsFor(a, e)",[],"[(' Caroline', ' Caroline')]",[],"WillHaveLunchWith(a, c)","IsDitching(a, d) and IsFor(a, e)","(WillHaveLunchWith(a, c)) -> (IsDitching(a, d) and IsFor(a, e))","(exists c (exists a (WillHaveLunchWith(a, c)))) -> (exists e (exists d (exists a (IsDitching(a, d) and IsFor(a, e)))))"
0,faulty generalization,"""You can never give anyone a break. If you do, they'll walk all over you."""," ""You can't give anyone a break."""," ""People will walk all over you.""","CannotGiveBreak(a, b)","WillWalkAllOver(c, a)",[],"[(' You', ' you')]","[(' You', ' People'), (' anyone', ' People')]","CannotGiveBreak(a, b)","WillWalkAllOver(c, a)","(exists b (exists a (CannotGiveBreak(a, b)))) -> (forall c (WillWalkAllOver(c, a)))","(exists b (exists a (CannotGiveBreak(a, b)))) -> (exists c (exists a (WillWalkAllOver(c, a))))"
1,,"Coach talks with football player, other players and crowd in background. Thus, a football coach talks with his player in front of the team and the crowd.", A coach talks with a football player., A football coach talks with the player in front of the team and the crowd.,"TalksWith(a, b)","TalksWith(c, d),  InFrontOf(d, e),  InFrontOf(d, f)",[],[],"[(' A coach', ' A football coach'), (' a football player', ' the team')]","TalksWith(a, b)","TalksWith(c, d) and InFrontOf(d, e) and InFrontOf(d, f)","(exists b (exists a (TalksWith(a, b)))) -> (forall e (forall c (TalksWith(c, d) and InFrontOf(d, e) and InFrontOf(d, f))))","(exists b (exists a (TalksWith(a, b)))) -> (exists c (exists f (exists e (exists d (TalksWith(c, d) and InFrontOf(d, e) and InFrontOf(d, f))))))"
1,,"Two men watching one man make a golf putt on the set of Sports Center. As a consequence, people watching sports.", A man is making a golf putt on the set of Sports Center., People are watching sports.,"IsMakingGolfPutt(b),  IsOnSetOfSportsCenter(c, a)",IsWatchingSports(e),[],"[(' sports', ' set')]","[(' A man', ' People'), (' golf putt', ' sports'), (' Sports Center', ' sports')]","IsMakingGolfPutt(b) and IsOnSetOfSportsCenter(c, a)",IsWatchingSports(e),"(exists b (IsMakingGolfPutt(b) and IsOnSetOfSportsCenter(c, a))) -> (forall e (IsWatchingSports(e)))","(exists c (exists b (exists a (IsMakingGolfPutt(b) and IsOnSetOfSportsCenter(c, a))))) -> (exists e (IsWatchingSports(e)))"
1,,"Six women wait to use a port-o-john in a field. Thus, women are outside.", Six women wait to use a port-o-john in a field.  , Women are outside.,"IsWaiting(a),  WantsToUse(b),  IsInField(b)",IsOutside(d),[],[],"[(' Six women', ' Women')]",IsWaiting(a) and WantsToUse(b) and IsInField(b),IsOutside(d),(exists a (IsWaiting(a) and WantsToUse(b) and IsInField(b))) -> (forall d (IsOutside(d))),(exists b (exists a (IsWaiting(a) and WantsToUse(b) and IsInField(b)))) -> (exists d (IsOutside(d)))
1,,Women wearing a black top and glasses speaking into a blue tipped microphone with another woman beside her writing. It follows that one woman speaking into a microphone while a second woman writes beside her., A woman wearing a black top and glasses is speaking into a blue-tipped microphone while another woman writes beside her.  , One woman is speaking into a microphone while a second woman writes beside her.,"IsWearingBlackTopAndGlasses(a),  IsSpeakingInto(a, b),  WritesBeside(c, a)","IsSpeakingInto(d, e),  WritesBeside(f, d)",[],[],"[(' A woman wearing a black top and glasses', ' One woman'), (' blue-tipped microphone', ' a microphone')]","IsWearingBlackTopAndGlasses(a) and IsSpeakingInto(a, b) and WritesBeside(c, a)","IsSpeakingInto(d, e) and WritesBeside(f, d)","(exists b (exists a (IsWearingBlackTopAndGlasses(a) and IsSpeakingInto(a, b) and WritesBeside(c, a)))) -> (forall e (forall d (IsSpeakingInto(d, e) and WritesBeside(f, d))))","(exists c (exists b (exists a (IsWearingBlackTopAndGlasses(a) and IsSpeakingInto(a, b) and WritesBeside(c, a))))) -> (exists e (exists f (exists d (IsSpeakingInto(d, e) and WritesBeside(f, d)))))"
1,,"One tan girl with a wool hat is running and leaning over an object, while another person in a wool hat is sitting on the ground. Therefore, a tan girl runs leans over an object.", A tan girl runs and leans over an object., A tan girl runs and leans over an object.,"IsTan(a),  Runs(a),  LeansOver(a, b)","IsTan(a),  Runs(a),  LeansOver(a, b)",[],"[(' A tan girl', ' A tan girl'), (' an object', ' an object')]",[],"IsTan(a) and Runs(a) and LeansOver(a, b)","IsTan(a) and Runs(a) and LeansOver(a, b)","(IsTan(a) and Runs(a) and LeansOver(a, b)) -> (IsTan(a) and Runs(a) and LeansOver(a, b))","(exists b (exists a (IsTan(a) and Runs(a) and LeansOver(a, b)))) -> (exists b (exists a (IsTan(a) and Runs(a) and LeansOver(a, b))))"
1,,A scientist studies a slide in order to work on her new creation. It follows that a scientist studies a slide that is related to her invention., A scientist studies a slide., A slide is related to a scientist's invention.,"Studies(b, a)","IsRelatedTo(a, c)",[],"[(' a slide', ' Slide')]",[],"Studies(b, a)","IsRelatedTo(a, c)","(Studies(b, a)) -> (IsRelatedTo(a, c))","(exists b (exists a (Studies(b, a)))) -> (exists c (exists a (IsRelatedTo(a, c))))"
1,,"A red dog jumps and catches a tennis ball in its mouth. Consequently, a dog catching a ball."," ""A red dog jumps and catches a tennis ball in its mouth.""  "," ""A dog catches a ball.""","Jumps(a),  Catches(b, a),  IsInMouth(b, c),  IsRed(a)","Catches(e, d)",[],[],"[(' A red dog', ' A dog'), (' a tennis ball', ' a ball')]","IsRed(a) and Jumps(a) and Catches(b, a) and IsInMouth(b, c)","IsDog(d) and IsBall(e) and Catches(d, e)","(exists b (exists a (IsRed(a) and Jumps(a) and Catches(b, a) and IsInMouth(b, c)))) -> (forall e (forall d (IsDog(d) and IsBall(e) and Catches(d, e))))","(exists c (exists b (exists a (IsRed(a) and Jumps(a) and Catches(b, a) and IsInMouth(b, c))))) -> (exists e (exists d (IsDog(d) and IsBall(e) and Catches(d, e))))"
1,,"A group of dogs stand in the snow. Thus, there are animals outdoors.", A group of dogs stand in the snow.  , There are animals outdoors.,"IsGroupOfDogs(a),  StandsInSnow(a)",IsOutdoors(c),[],[],"[(' A group of dogs', ' Animals')]",IsGroupOfDogs(a) and StandsInSnow(a),∃c (Animal(c) and IsOutdoors(c)),(exists a (IsGroupOfDogs(a) and StandsInSnow(a))) -> (forall c (∃c (Animal(c) and IsOutdoors(c)))),(exists a (IsGroupOfDogs(a) and StandsInSnow(a))) -> (exists c (∃c (Animal(c) and IsOutdoors(c))))
1,,This person looks to be snowboarding on a very small pile of snow on a sunny cold day. This implies that young snowboarder sizing up their next jump.," ""A person is snowboarding on a very small pile of snow on a sunny cold day."""," ""A young snowboarder is sizing up the next jump.""","IsSnowboarding(a),  IsVerySmall(b),  IsPileOfSnow(b),  IsSunny(c),  IsCold(c)","IsYoung(d),  IsSnowboarder(d),  IsSizingUp(d, e)",[],[],"[(' A person', ' A young snowboarder')]",IsSnowboarding(a) and IsVerySmall(b) and IsPileOfSnow(b) and IsSunny(c) and IsCold(c),"IsYoung(d) and IsSnowboarder(d) and IsSizingUp(d, e)","(exists a (IsSnowboarding(a) and IsVerySmall(b) and IsPileOfSnow(b) and IsSunny(c) and IsCold(c))) -> (forall d (IsYoung(d) and IsSnowboarder(d) and IsSizingUp(d, e)))","(exists c (exists b (exists a (IsSnowboarding(a) and IsVerySmall(b) and IsPileOfSnow(b) and IsSunny(c) and IsCold(c))))) -> (exists e (exists d (IsYoung(d) and IsSnowboarder(d) and IsSizingUp(d, e))))"
1,,"A large number of people are watching men dressed in kilts, one of whom has thrown a long pole. As a consequence, people watch men in kilts.", A man in a kilt has thrown a long pole., People watch men in kilts.,"IsInKilt(a),  HasThrown(a, b),  IsLong(b)","IsWatching(c, d),  IsInKilt(d)",[],[],"[(' A man in a kilt', ' People'), (' A man in a kilt', ' men in kilts')]","IsInKilt(a) and IsLong(b) and HasThrown(a, b)","IsWatching(c, d) and IsInKilt(d)","(exists a (IsInKilt(a) and IsLong(b) and HasThrown(a, b))) -> (forall d (forall c (IsWatching(c, d) and IsInKilt(d))))","(exists b (exists a (IsInKilt(a) and IsLong(b) and HasThrown(a, b)))) -> (exists c (exists d (IsWatching(c, d) and IsInKilt(d))))"
